{
  "train_loss": [
    0.8403731274722827,
    0.5928881543107553,
    0.4795413163333836,
    0.41996787503214167,
    0.39429534986467646,
    0.3699165340697411,
    0.35298883147759014,
    0.3458523701249373,
    0.32085532918203585,
    0.308965315396833,
    0.292227138018254,
    0.27152357021770857,
    0.26558373278320424,
    0.24957011702774776,
    0.24013123071134682,
    0.230516790771986,
    0.2256142692179373,
    0.21353533292318336,
    0.20782555554910462,
    0.1829987260706649,
    0.16188775111764375,
    0.16643315052041913,
    0.15672021322321184
  ],
  "val_loss": [
    0.494272109298479,
    0.40734308887095677,
    0.3593673645740464,
    0.37361210274199647,
    0.31827975898271516,
    0.3778332575179991,
    0.29810208997999627,
    0.2844584948338923,
    0.2798053314465852,
    0.32824134172516917,
    0.2801124325376891,
    0.2785724050010599,
    0.2559235062494519,
    0.2697448851097198,
    0.277390102013236,
    0.27087977896666243,
    0.3588967927831358,
    0.2938999651842529,
    0.29265497097124654,
    0.32642881891557146,
    0.32527433047514587,
    0.3306573044641742,
    0.3277230508780728
  ],
  "train_auroc": [
    0.8125917548417424,
    0.9160478018026615,
    0.9459072306868956,
    0.9567544722827884,
    0.961853659164755,
    0.9673333818470576,
    0.9698947463427038,
    0.9712503918975371,
    0.9756738570175448,
    0.9774783310674823,
    0.9797924199114009,
    0.9828422965958101,
    0.9838601051278945,
    0.985827253542842,
    0.9867875175131716,
    0.9877029220448799,
    0.9881389848953211,
    0.9900148919796675,
    0.990692388197549,
    0.9924206396732277,
    0.9942821483152352,
    0.9937398894968461,
    0.9948847595109266
  ],
  "val_auroc": [
    0.9331899003615689,
    0.9542032055241734,
    0.9630813411210102,
    0.9622402564546828,
    0.9702951915012554,
    0.9720556259754922,
    0.9745920717234506,
    0.9740791871474472,
    0.9745315136274751,
    0.9713612441820182,
    0.977406075411297,
    0.9756939811715672,
    0.9802153867320577,
    0.9788697398011623,
    0.9776926639444447,
    0.9775078909235367,
    0.975390216804181,
    0.9739889697500801,
    0.9739030905788866,
    0.9734806890059344,
    0.9735090202789054,
    0.9743960547285824,
    0.9733910913551636
  ],
  "train_sensitivity": [
    0.7108791078411307,
    0.8029422232758299,
    0.8536006643719852,
    0.8533633883012772,
    0.8519397318770293,
    0.8622612409528267,
    0.8607189464932248,
    0.8658203820134466,
    0.8724641119932702,
    0.8787519278670319,
    0.8927512160388031,
    0.8997508601246887,
    0.9034286392206626,
    0.9132755961550441,
    0.914461976508584,
    0.9183770316752659,
    0.9206311543469917,
    0.9221734488065936,
    0.9224107248773016,
    0.9362913750137188,
    0.9438842092763745,
    0.9423419148167725,
    0.9488670067612422
  ],
  "val_sensitivity": [
    0.7678177810377089,
    0.8581925055043484,
    0.8133725201997548,
    0.757531227033376,
    0.8846436443726331,
    0.7185892725884013,
    0.8376193974956825,
    0.8398236590680396,
    0.855253490074539,
    0.8119030124848502,
    0.8295371050637066,
    0.8706833210810384,
    0.8758265980832048,
    0.8897869213747995,
    0.8986039676642278,
    0.8772961057981096,
    0.8310066127786113,
    0.8471711976425631,
    0.8626010286490625,
    0.8537839823596343,
    0.8883174136598949,
    0.8626010286490625,
    0.8670095517937766
  ],
  "train_specificity": [
    0.7111183730925037,
    0.8576707473414803,
    0.8833362660564382,
    0.9186043588645538,
    0.931248586008162,
    0.9323295040343551,
    0.9389658379626106,
    0.9461300620897046,
    0.9486186873128005,
    0.9510067620218319,
    0.9521128176765411,
    0.9537970387871211,
    0.960936125285699,
    0.9562353887531847,
    0.9569895176086682,
    0.9667931927299549,
    0.9633493376232465,
    0.9667680551014387,
    0.971468791633953,
    0.9740579673711134,
    0.9773509967067251,
    0.9770493451645316,
    0.9767476936223382
  ],
  "val_specificity": [
    0.9230027714171309,
    0.9063742619581799,
    0.9474635498241384,
    0.9691529099879874,
    0.9038438366057309,
    0.9931317026135761,
    0.9585492227967723,
    0.9571032654525158,
    0.9439691529088516,
    0.9566212796710969,
    0.9644535486191534,
    0.9345704301711837,
    0.9473430533787837,
    0.916977949149395,
    0.9114351126630781,
    0.9404747559935648,
    0.9862634052283572,
    0.9605976623678025,
    0.9468610675973648,
    0.9638510663923799,
    0.9255331967695799,
    0.9643330521737987,
    0.9558983009989686
  ],
  "lr": [
    0.001,
    0.001,
    0.001,
    0.001,
    0.001,
    0.001,
    0.001,
    0.001,
    0.001,
    0.001,
    0.001,
    0.001,
    0.001,
    0.001,
    0.001,
    0.001,
    0.001,
    0.001,
    0.001,
    0.0005,
    0.0005,
    0.0005,
    0.0005
  ]
}